<?xml version="1.0" encoding="UTF-8"?>
<extension type="component" version="3.0" method="upgrade">
    <name>Babaijebu</name>
    <creationDate>February 2023</creationDate>
    <author>Osmund Peter</author>
    <authorEmail>amazino33@gmail.com</authorEmail>
    
    <version>0.0.2</version>

    <description>The easy upload of babaijebu results.</description>

    <update>
        <schemas>
            <schemapath type="mysql">sql/updates/mysql</schemapath>
        </schemas>
    </update>

    <install> <!-- Runs on install -->
		<sql>
			<file driver="mysql" charset="utf8">sql/install.mysql.utf8.sql</file>
		</sql>
	</install>

	<uninstall> <!-- Runs on uninstall -->
		<sql>
			<file driver="mysql" charset="utf8">sql/uninstall.mysql.utf8.sql</file>
		</sql>
	</uninstall>

    <files folder="site">
        <filename>index.html</filename>
        <filename>babaijebu.php</filename>
    </files>

    <!-- <languages folder="site/language">
		<language tag="en-GB">en-GB/en-GB.com_babaijebu.ini</language>
    </languages> -->


    <administration>
        <menu link="index.php?option=com_babaijebu">Babaijebu</menu>

        <files folder="admin">
            <filename>index.html</filename>
            <filename>babaijebu.php</filename>
            <filename>controller.php</filename>

            <folder>sql</folder>
            <folder>models</folder>
            <folder>views</folder>
            <folder>controllers</folder>
            <folder>tables</folder>
        </files>
      
		<languages folder="admin/language">
            <language tag="en-GB">en-GB/en-GB.com_babaijebu.ini</language>
            <language tag="en-GB">en-GB/en-GB.com_babaijebu.sys.ini</language>
        </languages>
    </administration>
</extension>