<?xml version="1.0" encoding="UTF-8"?>
<extension type="module" version="3.1.0" client="site" method="upgrade">
    <name>Hello, World!</name>
    <author>Osmund Peter</author>
    <version>1.0.0</version>
    <description>A simple Hello, World! module.</description>

    <files>
        <filename>mod_helloworld.xml</filename>
        <filename module="mod_helloworld">mod_helloworld.php</filename>
        <filename>index.html</filename>
        <filename>helper.php</filename>
        <filename>tmpl/default.php</filename>
        <filename>tmpl/index.html</filename>
        <filename>tmpl/ltt-style.css</filename>
    </files>

    <config>
        <fields name="params">
            <fieldset name="basic">
                <!-- <field 
                    name="date"
                    type="sql"
                    default="1"
                    label="Select a Date"
                    query="SELECT id AS value, date FROM #__babaijebu_results"
                /> -->

                <field 
                    name="type"
                    type="list"
                    label="Select Type"
                    description="Type of module to be displayed... Today, Yesterday or Table"
                    default="1"
                >
                    <option value="1">Today</option>
                    <option value="2">Yesterday</option>
                    <option value="3">Table</option>
                </field>
            </fieldset>
        </fields>
    </config>
</extension>